audio,visual
0.8730219,0.12697813
0.9262894,0.07371054
0.27645177,0.7235483
0.25392666,0.7460733
0.99995184,4.8048478e-05
0.9895459,0.010454118
0.48508173,0.5149183
0.77261037,0.22738959
0.9432841,0.05671587
0.87623024,0.123769715
0.9786533,0.02134666
0.9178564,0.082143545
0.5222126,0.47778735
0.95591235,0.044087674
0.5765105,0.4234895
0.23076804,0.769232
0.13892183,0.86107814
0.22240928,0.7775907
0.996219,0.0037809708
0.994379,0.0056210384
0.99874806,0.0012518818
0.99961466,0.00038538934
0.9907611,0.00923888
0.97411615,0.025883874
0.21661863,0.7833814
0.24659273,0.75340724
0.9999757,2.4206365e-05
0.9999707,2.9228811e-05
0.76270676,0.23729321
0.9986417,0.0013582492
0.99992204,7.7886245e-05
0.15253043,0.8474696
0.99998814,1.1827154e-05
0.9942695,0.0057303547
0.10510391,0.8948961
0.63856155,0.36143848
0.27851003,0.7214899
0.2424625,0.7575375
0.9999348,6.5171596e-05
0.9762479,0.023752138
0.61399484,0.38600516
0.9999383,6.1679966e-05
0.99893796,0.0010620016
0.16106306,0.838937
0.9997139,0.0002859743
0.9956499,0.0043500965
0.80514485,0.19485514
0.99242866,0.0075712814
0.99999845,1.570367e-06
0.21627009,0.7837299
0.9999164,8.359059e-05
0.9992011,0.0007988778
0.888821,0.11117897
0.98422426,0.015775785
0.97104424,0.028955748
0.18861988,0.8113801
0.9899974,0.0100025805
0.9958448,0.0041551418
0.83925533,0.16074462
0.8624227,0.13757727
0.99877673,0.0012232718
0.1900581,0.8099419
0.99711573,0.0028841777
0.9950925,0.0049074865
0.7475227,0.2524772
0.99472135,0.005278672
0.24661487,0.7533849
0.1050711,0.89492893
0.89481205,0.1051855
0.54259866,0.4574013
0.12783937,0.8721607
0.9939712,0.0060287667
0.26792634,0.73207366
0.99973285,0.00026709557
0.99936706,0.00063294056
0.5639642,0.43603587
0.94819045,0.0518095
0.29153582,0.7084642
0.18458755,0.81541246
0.99986315,0.00013678943
0.9740575,0.025942503
0.9828046,0.017195413
0.5229506,0.47704938
0.99999136,8.659415e-06
0.14133213,0.8586679
0.9999999,3.841485e-10
1.0,3.4187206e-10
0.9991432,0.00085680396
0.99978626,0.00021374294
0.9999576,4.242112e-05
0.99922645,0.00077353924
0.9998418,0.0001581271
0.9931798,0.006820111
0.999999,9.969971e-07
0.99999994,2.6538993e-09
0.99999994,3.8317736e-09
0.23179753,0.7682024
0.17202912,0.82797086
0.18868245,0.81131756
0.99999994,1.5858583e-10
0.99986976,0.00013025299
1.0,4.0004025e-08
0.9999996,3.864835e-07
0.999986,1.3961984e-05
0.99998623,1.3774443e-05
0.9999676,3.237177e-05
0.14451133,0.85548866
0.99999994,2.990055e-08
0.99999994,9.3052634e-08
0.99777585,0.0022241261
0.8027161,0.19728391
0.9996224,0.00037752092
0.11147868,0.8885213
0.9993737,0.000625066
0.9999998,5.8786686e-08
0.9803829,0.019617073
0.6836197,0.31638035
0.99999815,1.7677023e-06
0.056566846,0.9434331
0.9999996,1.233208e-07
1.0,4.3266937e-09
0.9985356,0.0014644236
0.64974195,0.3502581
0.9999941,5.838946e-06
0.017514229,0.9824858
0.99994445,5.461485e-05
1.0,4.271833e-08
0.9861887,0.013811278
0.8727556,0.12724446
0.9999991,7.9670355e-07
0.06721471,0.93278533
0.99999785,2.073372e-06
0.99999994,5.957797e-08
0.97000295,0.029997092
0.99579865,0.0042013526
0.99267673,0.0073232255
0.095209025,0.90479094
0.99935913,0.0006405154
0.99999917,8.8671294e-07
0.99719733,0.0028026248
0.9991071,0.00089291955
0.9999979,2.0724938e-06
0.1216691,0.8783309
0.9999013,9.849358e-05
0.99999845,1.421267e-06
0.9999297,7.026594e-05
0.99959236,0.00040770497
0.99999994,1.01464375e-08
0.10586701,0.89413303
0.99999994,3.6769632e-09
0.99999994,8.514312e-09
0.9995116,0.00048844976
0.99807096,0.0019290366
0.99999946,4.810324e-07
0.062143236,0.93785673
0.99999917,7.4645226e-07
0.9995934,0.0004066403
0.9795322,0.020467807
0.9676623,0.032337714
0.999999,9.608818e-07
0.11452081,0.88547915
0.99984187,0.00015793386
0.9999999,5.7610787e-09
0.20035018,0.79964983
0.13344686,0.8665531
0.20513499,0.794865
0.281854,0.718146
0.4653729,0.53462714
0.37525725,0.6247427
0.4426462,0.5573538
0.31498212,0.68501794
0.120182686,0.8798173
0.16322248,0.8367775
0.14509377,0.85490626
0.15081169,0.8491883
0.95776755,0.042232346
0.997641,0.002358864
0.98522216,0.014777773
0.14259438,0.85740566
0.5054622,0.4945378
0.8066113,0.19338869
0.24754643,0.75245357
0.9884757,0.011524341
0.9905486,0.009451398
0.9354716,0.06452836
0.02543634,0.97456366
0.11263519,0.88736486
0.16837567,0.8316243
0.27599475,0.7240052
0.34660777,0.65339226
0.39457542,0.6054246
0.1802895,0.81971043
0.16688578,0.8331142
0.17003803,0.82996196
0.9991227,0.0008773409
0.9629065,0.037093442
0.7772163,0.2227837
0.3168371,0.6831629
0.17793897,0.822061
0.2077755,0.79222447
0.29055065,0.7094493
0.90750897,0.092491
0.39929917,0.60070086
0.23812416,0.76187587
0.1925973,0.8074027
0.97713417,0.022865904
0.35871288,0.6412871
0.35933423,0.6406658
0.28844804,0.71155196
0.0017904594,0.9982096
0.117129944,0.8828701
0.9997961,0.00020389556
0.23327002,0.76672995
0.5323882,0.46761182
0.37096336,0.6290366
0.124798186,0.8752018
0.17923482,0.8207652
0.9969486,0.003051341
0.9977706,0.0022293509
0.8696082,0.13039169
0.86014986,0.13985004
0.46971625,0.53028375
0.19286804,0.807132
0.99999976,2.3755993e-07
0.26873726,0.73126274
0.29572996,0.70427
0.5793866,0.4206134
0.06663089,0.93336904
0.19206198,0.807938
0.26707235,0.7329276
0.19575211,0.8042479
0.91359264,0.08640729
0.30451584,0.69548416
0.18505247,0.8149475
0.21099183,0.7890082
0.6005549,0.3994451
0.2830602,0.7169398
0.9791804,0.020819543
0.33080533,0.66919464
0.25554863,0.7444514
0.99945265,0.00054723263
0.188218,0.811782
0.9882539,0.011746106
0.20348173,0.79651827
0.24753366,0.7524663
0.36774558,0.6322544
0.9947653,0.005234723
0.060022894,0.93997717
0.120520435,0.8794796
0.19019453,0.8098055
0.4631696,0.5368304
0.50491476,0.4950852
0.20822036,0.79177964
0.68559116,0.31440878
0.9714101,0.02858993
0.1724001,0.8275999
0.998003,0.001996969
0.22907236,0.7709276
0.20761651,0.7923835
0.19040981,0.8095902
0.1696478,0.83035225
0.19546194,0.8045381
0.068867974,0.93113196
0.19643782,0.80356216
0.9971406,0.0028594371
0.9088457,0.09115428
0.1504763,0.84952366
0.4011702,0.59882975
0.998044,0.001955888
0.21716692,0.7828331
0.18316671,0.81683326
0.99999994,2.2021924e-09
0.9936854,0.0063145612
0.7674093,0.23259068
0.9999502,4.9842496e-05
0.13548107,0.86451894
0.10062226,0.8993777
0.18317698,0.816823
0.3191747,0.68082535
0.14536297,0.8546371
0.8448747,0.15512533
0.123332754,0.8766672
0.10823275,0.89176726
0.15847525,0.8415248
0.4574482,0.5425518
0.402474,0.597526
0.9997977,0.00020216215
0.1725286,0.82747144
0.10386087,0.89613914
0.15195778,0.8480422
0.7218904,0.27810964
0.37504166,0.6249584
0.99768347,0.0023164265
0.19559774,0.80440223
0.05376596,0.94623405
0.172789,0.82721096
0.65066415,0.34933585
0.1502359,0.84976405
0.9997163,0.00028374142
0.15863273,0.8413673
0.019003091,0.9809969
0.99998546,1.4442326e-05
0.8828796,0.11712039
0.035675973,0.96432406
0.9944191,0.0055808364
0.085796684,0.9142033
0.031564683,0.9684353
0.9999992,6.468605e-07
0.9979402,0.0020597489
0.20252469,0.79747534
0.99695575,0.0030441969
0.17113495,0.82886505
0.17233215,0.82766783
0.9986201,0.0013798241
0.5623181,0.43768188
0.32861558,0.67138445
0.96991795,0.030082054
0.14672828,0.8532717
0.108097635,0.8919024
0.12807418,0.87192583
0.45029843,0.5497016
0.87327486,0.12672518
0.99388456,0.006115423
0.1321649,0.86783504
0.051808354,0.9481917
0.18826725,0.81173277
0.5389046,0.46109542
0.83770394,0.16229612
0.09209925,0.9079007
0.9999953,4.684332e-06
0.24024458,0.7597554
0.1720608,0.8279392
0.9902353,0.009764744
0.5854461,0.41455388
0.9744779,0.025522042
0.43586755,0.5641325
0.11287483,0.8871252
0.16115132,0.83884865
0.125089,0.874911
0.25164685,0.7483532
0.99999946,5.100739e-07
0.82837975,0.17162019
0.2616167,0.7383833
0.21007468,0.78992534
0.13988759,0.8601124
0.17919706,0.8208029
0.99353087,0.006469004
0.40393898,0.5960611
0.9744531,0.025546951
0.41664097,0.583359
0.17161669,0.8283833
0.9221144,0.07788556
0.18456312,0.8154369
0.2018193,0.7981807
0.9996512,0.00034879902
0.49216312,0.5078368
0.24253488,0.75746506
0.9987999,0.0011999804
0.14194946,0.8580506
0.119129874,0.88087016
0.13377084,0.8662292
0.99984795,0.00015209634
0.9995651,0.00043486865
0.19855691,0.80144304
0.22890933,0.7710906
0.16889566,0.8311043
0.17350577,0.8264942
0.59578735,0.40421268
0.14393683,0.8560632
0.9612618,0.038738165
0.18867168,0.8113283
0.18180221,0.8181978
0.2597041,0.74029595
0.5806302,0.41936985
0.13639745,0.8636025
0.2852383,0.7147617
0.19907072,0.8009293
0.20019631,0.7998037
0.15182482,0.84817517
0.92800677,0.07199326
0.2342321,0.76576793
0.806028,0.19397193
0.19617403,0.803826
0.17271085,0.82728916
0.9795459,0.020454098
0.9148772,0.08512285
0.24420305,0.75579697
0.26996475,0.73003525
0.20115964,0.79884034
0.18026593,0.81973404
0.98575103,0.0142489625
0.7356296,0.26437038
0.3755558,0.6244442
0.99556804,0.0044318954
0.086524,0.91347605
0.13693675,0.8630632
0.15688671,0.84311324
0.97348326,0.02651679
0.78846335,0.21153657
0.99840295,0.0015970054
0.14372647,0.85627353
0.16316365,0.83683634
0.3311581,0.6688419
0.958189,0.041811015
0.21937098,0.78062904
0.19069006,0.80930996
0.18326062,0.81673944
0.11482529,0.8851747
0.608239,0.39176095
0.11041602,0.889584
0.99999607,3.957517e-06
0.21304554,0.78695446
0.5486738,0.4513262
0.1882614,0.8117386
0.17702064,0.82297933
0.50945824,0.4905418
0.048999038,0.951001
0.14305694,0.8569431
0.3330103,0.6669897
0.99889594,0.0011039178
0.28465706,0.715343
0.1504232,0.8495768
0.11334249,0.88665754
0.1270093,0.8729907
0.1166232,0.88337684
0.13778058,0.86221945
0.22645669,0.77354324
0.21632107,0.78367895
0.81358814,0.18641192
0.9862935,0.0137064895
0.99694335,0.0030565846
0.58532876,0.41467127
0.9992586,0.00074145355
0.99926907,0.00073087844
0.68287313,0.31712693
0.17847155,0.8215285
0.24720697,0.75279295
0.31746864,0.68253136
0.99995565,4.430545e-05
0.20848331,0.79151666
0.7885974,0.21140258
0.14031062,0.85968935
0.30278632,0.6972137
0.10518486,0.89481515
0.94601303,0.053986993
0.76476824,0.23523179
0.32904008,0.67095995
0.7780547,0.22194535
0.3627544,0.63724566
0.23201753,0.7679825
0.999994,5.9979097e-06
0.9999189,8.1020866e-05
0.23423682,0.76576316
0.19788507,0.80211496
0.36009577,0.6399042
0.6186263,0.38137364
0.1598695,0.84013045
0.8736866,0.12631337
0.18499446,0.81500554
0.9572515,0.04274842
0.33751625,0.66248375
0.2863355,0.7136645
0.9999959,4.0664563e-06
0.25735515,0.74264485
0.71567935,0.2843207
0.17700925,0.8229907
0.2817196,0.71828043
0.31832105,0.68167895
0.99928224,0.0007177245
0.69708616,0.30291384
0.21781778,0.7821823
0.18508457,0.8149154
0.3676414,0.63235855
0.12735426,0.87264574
0.9999855,1.44995565e-05
0.8068896,0.19311038
0.35977215,0.6402278
0.994095,0.0059048473
0.2989084,0.70109165
0.22961557,0.7703845
0.81496835,0.1850316
0.37972516,0.6202749
0.4968497,0.5031503
0.95570564,0.044294287
0.3037523,0.6962477
0.20441736,0.7955826
0.99885386,0.0011461145
0.37667438,0.6233256
0.24384527,0.7561548
0.19831833,0.8016817
0.27476585,0.72523415
0.94264805,0.057351917
0.14275545,0.8572446
0.19840893,0.8015911
0.23231153,0.76768845
0.9964296,0.0035703192
0.15996505,0.84003496
0.6509051,0.34909496
0.9859177,0.014082364
0.8541189,0.14588116
0.22144261,0.77855736
0.08563286,0.91436714
0.18768124,0.81231874
0.1377513,0.8622488
0.7314091,0.2685908
0.4770299,0.52297014
0.2062142,0.79378575
0.19770636,0.8022936
0.103003524,0.89699644
0.999999,8.7031276e-07
0.3984963,0.6015037
0.42423648,0.5757635
0.9090655,0.090934515
0.97847176,0.02152826
0.14494282,0.8550572
0.207633,0.792367
0.25318614,0.74681383
0.9890018,0.010998092
0.41916662,0.5808334
0.5403618,0.4596382
0.9214824,0.07851765
0.200865,0.79913497
0.21086353,0.7891365
0.82793915,0.17206076
0.1888369,0.8111631
0.83920175,0.1607982
0.30271596,0.69728404
0.8885384,0.111461595
0.15933697,0.84066296
0.99957675,0.00042314982
0.37121764,0.62878233
0.8305513,0.16944867
0.21053469,0.7894653
0.47963414,0.52036595
0.10733338,0.89266664
0.9248554,0.0751445
0.07325747,0.9267426
0.9939776,0.006022356
0.17425933,0.82574064
0.19899972,0.8010003
0.25561193,0.7443881
0.9920549,0.007945028
0.18693855,0.8130614
0.9577391,0.04226089
0.21697299,0.78302693
0.49345246,0.5065476
0.24935988,0.7506401
0.9937548,0.0062449365
0.035928104,0.96407187
0.6790397,0.32096028
0.15591103,0.844089
0.1600818,0.83991814
0.19295391,0.8070461
0.9997839,0.0002160062
0.12773862,0.87226135
0.92074627,0.079253726
0.27574813,0.72425187
0.20679396,0.79320604
0.09976409,0.9002359
0.77517277,0.22482722
0.2991732,0.70082676
0.61720157,0.3827984
0.18079686,0.81920314
0.99999815,1.7996464e-06
0.2524323,0.7475677
0.98331076,0.016689172
0.1640998,0.83590025
0.9886909,0.011309095
0.29933542,0.7006646
0.2000733,0.7999267
0.23739772,0.76260227
0.99995416,4.5719145e-05
0.3798506,0.6201494
0.3766253,0.62337464
0.0839714,0.9160286
0.1345121,0.8654879
0.20635231,0.7936477
0.8780451,0.12195483
0.19368844,0.80631155
0.47172883,0.5282712
0.009370704,0.9906293
0.17282647,0.82717353
0.0429892,0.95701087
0.97849846,0.021501403
0.13516809,0.86483186
0.30034694,0.6996531
0.9902158,0.009784151
0.99931777,0.00068213727
0.28319302,0.71680695
0.2146769,0.78532314
0.2798368,0.72016317
0.86918,0.13081999
0.2929484,0.7070516
0.91574466,0.0842553
0.5738275,0.42617252
0.43420935,0.5657906
0.11909132,0.88090867
0.1850528,0.8149472
0.26378143,0.73621863
0.65297294,0.34702712
0.44930065,0.55069935
0.46681067,0.53318936
0.13959177,0.86040825
0.07907864,0.9209214
0.23420697,0.7657931
0.9994038,0.000596154
0.070786655,0.92921335
0.37545565,0.6245443
0.15332966,0.8466704
0.19321918,0.8067808
0.24958321,0.7504168
0.9992139,0.0007860279
0.22330399,0.776696
0.45209897,0.54790103
0.1761627,0.8238373
0.07396141,0.92603856
0.25374237,0.7462576
0.9869497,0.013050262
0.07905715,0.9209429
0.41310027,0.5868997
0.0983822,0.9016178
0.14962183,0.85037816
0.29798767,0.7020123
0.9796803,0.020319628
0.29649383,0.7035062
0.38314855,0.61685145
0.14651182,0.85348815
0.09884751,0.9011525
0.24915913,0.75084084
0.93217045,0.0678295
0.33229846,0.66770154
0.40256312,0.59743685
0.13461931,0.86538076
0.13567665,0.8643234
0.24355428,0.7564457
0.96372765,0.03627231
0.115346715,0.8846533
0.42401117,0.5759888
0.22470313,0.77529687
0.9790221,0.02097778
0.20117146,0.7988285
0.7825965,0.21740347
0.4106673,0.58933276
0.3540726,0.64592737
0.12163421,0.87836576
0.26953587,0.7304641
0.26533535,0.7346646
0.96427965,0.035720218
0.16783957,0.8321605
0.40933612,0.59066385
0.1626014,0.8373986
0.08471641,0.91528356
0.26277065,0.73722935
0.97684973,0.023150165
0.2780177,0.72198224
0.4147831,0.58521694
0.23972085,0.7602792
0.8665433,0.13345662
0.22709644,0.77290356
0.20178212,0.7982179
0.44413042,0.5558696
0.9123537,0.087646306
0.112837255,0.88716274
0.37061012,0.6293899
0.17569044,0.8243096
0.12226224,0.8777378
0.13652928,0.86347073
0.09895952,0.90104043
0.997748,0.0022519417
0.4828868,0.51711303
0.26570624,0.73429376
0.20415466,0.7958454
0.13178605,0.8682139
0.18228777,0.81771225
0.409296,0.59070396
0.44665676,0.5533433
0.818549,0.18145101
0.35482457,0.64517546
0.14618696,0.853813
0.73478717,0.26521286
0.15708515,0.8429149
0.16842362,0.8315764
0.45414585,0.54585415
0.42893484,0.5710651
0.22050221,0.7794978
0.96396756,0.036032334
0.11043114,0.88956887
0.20220573,0.7977943
0.38745093,0.61254907
0.9998889,0.00011109955
0.24376479,0.7562352
0.99599546,0.004004433
0.15878828,0.8412117
0.7376012,0.2623988
0.36685804,0.633142
0.40749684,0.59250313
0.2243138,0.77568626
0.9903607,0.009639214
0.11787639,0.8821236
0.20689239,0.7931076
0.44682133,0.55317867
0.9994535,0.00054650416
0.17779644,0.8222036
0.9121462,0.0878537
0.2014678,0.7985322
0.19308704,0.80691296
0.454295,0.545705
0.9751668,0.0248332
0.83836347,0.16163658
0.98119766,0.01880236
0.18914413,0.81085587
0.86693805,0.13306181
0.2875032,0.7124968
0.65397763,0.34602234
0.21075058,0.78924936
0.94364655,0.056353353
0.14732784,0.85267216
0.16615842,0.83384156
0.43854144,0.5614586
0.114556424,0.88544357
0.22612113,0.7738788
0.8022641,0.19773588
0.079330206,0.9206698
0.21894424,0.7810557
0.30536038,0.6946396
0.9999988,1.18845e-06
0.22007343,0.7799266
0.9976167,0.002383268
0.105250634,0.89474934
0.6499055,0.35009453
0.42144167,0.5785583
0.43350562,0.56649435
0.37127313,0.6287269
0.15284781,0.84715223
0.28577098,0.714229
0.25114098,0.748859
0.39598688,0.60401314
0.33061627,0.66938376
0.20600842,0.7939916
0.4138599,0.5861401
0.25874257,0.74125737
0.2850042,0.71499586
0.45415196,0.545848
0.44693974,0.5530603
0.14345309,0.85654694
0.36153424,0.6384658
0.1695272,0.8304728
0.14742936,0.8525706
0.9999811,1.8810282e-05
0.98487604,0.015123839
0.96659136,0.03340868
0.99889916,0.0011007783
0.26226822,0.7377318
0.2272786,0.7727214
0.21702014,0.78297985
0.17878513,0.82121485
0.84376633,0.15623364
0.5299581,0.47004184
0.98021597,0.019784074
0.44233268,0.5576673
0.24921711,0.7507829
0.88285774,0.11714228
0.20376718,0.7962328
0.15274964,0.84725034
0.24380878,0.7561912
0.41056547,0.5894345
0.5322419,0.46775806
0.59349,0.40650994
0.18436664,0.8156333
0.38678148,0.6132185
0.08807997,0.91192
0.32438907,0.6756109
0.18996195,0.81003803
0.077827446,0.92217255
0.19762713,0.8023728
0.18999974,0.8100003
0.12578388,0.8742162
0.4745237,0.5254763
0.30834195,0.6916581
0.99052984,0.009470228
0.11336126,0.8866387
0.22788806,0.7721119
0.11432767,0.88567233
0.41063237,0.5893676
0.22588572,0.77411425
0.9744839,0.025516078
0.20663284,0.7933672
0.20310079,0.79689926
0.29970232,0.7002977
0.47991058,0.52008945
0.9999677,3.2288885e-05
0.18176942,0.81823057
0.4277024,0.5722976
0.6247546,0.37524536
0.18586464,0.8141354
0.42194113,0.57805884
0.8652385,0.13476154
0.9959003,0.004099649
0.15479845,0.8452015
0.123384655,0.8766153
0.14624958,0.8537504
0.41183996,0.58816004
0.6878444,0.31215554
0.19723873,0.80276126
0.108718455,0.89128155
0.10520527,0.8947947
0.8316807,0.16831927
0.4250676,0.5749324
0.2788075,0.72119254
0.0818915,0.9181085
0.2377651,0.7622349
0.34571204,0.65428793
0.09096888,0.90903115
0.3965256,0.60347444
0.37247518,0.62752485
0.12262203,0.8773779
0.1871888,0.8128112
0.18592356,0.8140764
0.14635475,0.8536452
0.38696957,0.6130304
0.06914467,0.9308554
0.07934001,0.92066
0.16504356,0.83495647
0.1697474,0.8302526
0.9810981,0.018901901
0.46787614,0.5321238
0.064085945,0.93591404
0.20624216,0.7937578
0.11997692,0.88002306
0.12969947,0.8703005
0.081440225,0.91855973
0.29476625,0.7052337
0.9993454,0.0006545163
0.119669996,0.88032997
0.29963073,0.70036924
0.17026396,0.829736
0.035249636,0.96475035
0.18025322,0.8197468
0.98162574,0.01837428
0.98203164,0.01796837
0.9996322,0.00036782376
0.52999884,0.47000116
0.08699923,0.9130008
0.09637934,0.90362066
0.1669306,0.8330694
0.19617982,0.8038202
0.98720604,0.012794015
0.7711275,0.22887242
0.10926957,0.89073044
0.117827244,0.8821728
0.18753822,0.81246173
0.18850836,0.81149167
0.9952708,0.0047291717
0.60935605,0.3906439
0.08663331,0.9133667
0.15984091,0.84015906
0.1857548,0.81424516
0.30777037,0.69222957
0.95438355,0.04561648
0.555132,0.44486803
0.06505476,0.9349452
0.066440314,0.93355966
0.15487099,0.845129
0.9511025,0.04889743
0.75051916,0.24948086
0.76622045,0.23377961
0.0675413,0.9324587
0.10168951,0.89831054
0.17792636,0.82207364
0.227765,0.772235
0.47102246,0.5289775
0.021872241,0.9781277
0.086616494,0.9133835
0.09728957,0.90271044
0.13257743,0.8674226
0.18993299,0.810067
0.5394365,0.46056345
0.6443295,0.35567048
0.0616238,0.9383762
0.13954727,0.8604527
0.20537135,0.7946287
0.14298755,0.85701245
0.7400371,0.25996298
0.31264594,0.6873541
0.45898804,0.541012
0.15139955,0.8486004
0.028445596,0.97155446
0.08489844,0.9151016
0.47552618,0.52447385
0.81018615,0.1898138
0.05939124,0.9406087
0.17615893,0.82384104
0.21227899,0.78772104
0.5816319,0.41836804
0.9998251,0.0001748792
0.39560202,0.604398
0.122027114,0.8779729
0.10430518,0.8956948
0.08818973,0.9118103
0.19453762,0.80546236
0.99978006,0.00021994751
0.84482074,0.15517925
0.3862836,0.61371636
0.1636962,0.8363038
0.21235615,0.78764385
0.9988643,0.0011356297
0.1848347,0.8151653
0.9998194,0.00018059374
0.99291646,0.0070835133
0.99674565,0.0032543316
0.23231938,0.7676806
0.23927858,0.7607214
0.17276129,0.82723874
0.14478119,0.8552188
0.1864352,0.81356484
0.92064023,0.079359695
0.250237,0.749763
0.9898954,0.010104561
0.14224014,0.8577599
0.999999,9.526604e-07
0.38622645,0.6137736
0.49700844,0.5029915
0.40757635,0.5924237
0.9997156,0.00028432027
0.17414893,0.8258511
0.17424105,0.82575893
0.9924055,0.0075945286
0.9995681,0.0004318154
0.97590476,0.024095224
0.99999195,8.05814e-06
0.29348496,0.706515
0.16538066,0.83461934
0.20642017,0.7935798
0.9993426,0.0006572537
0.7107429,0.28925714
0.99993354,6.647538e-05
0.31697488,0.68302506
0.19453578,0.8054642
0.21923009,0.7807699
0.9995721,0.00042778367
0.9115885,0.08841144
0.99903756,0.0009624274
0.30261335,0.6973867
0.14825983,0.8517401
0.13587938,0.86412054
0.9998427,0.00015721348
0.56547946,0.43452048
0.999953,4.6945624e-05
0.26223433,0.7377656
0.17595902,0.824041
0.57807213,0.42192784
0.99999994,3.3382097e-08
0.99073476,0.009265207
0.9441845,0.05581537
0.39745805,0.602542
0.16380705,0.83619297
0.9999701,2.986301e-05
0.9999996,3.8226312e-07
0.31765312,0.6823468
0.9999253,7.462094e-05
0.23678395,0.763216
0.1879325,0.81206745
0.25748947,0.74251056
0.99997747,2.2473618e-05
0.9972067,0.0027932927
0.93352216,0.066477515
0.34437326,0.6556268
0.1221038,0.8778962
0.99963945,0.00036047076
0.9999997,1.618339e-07
0.9832031,0.016796878
0.9992853,0.0007146028
0.37386855,0.6261315
0.19729516,0.8027048
0.12649499,0.873505
0.9999999,3.259768e-08
0.7182733,0.28172678
0.99289006,0.0071098777
0.42780697,0.572193
0.16008691,0.83991313
0.18855964,0.8114404
0.9995245,0.0004753797
0.8796925,0.12030752
0.4494554,0.55054456
0.9998401,0.00015980915
0.9225519,0.07744818
0.28308144,0.7169185
0.18441994,0.81558007
0.55204755,0.44795248
0.43790498,0.562095
0.92283356,0.0771664
0.57437927,0.42562076
0.13019301,0.869807
0.99873275,0.0012671959
0.7337325,0.26626742
0.9989588,0.0010411051
0.99999994,1.0334591e-09
0.9999995,3.3178785e-07
0.23818326,0.76181674
0.2082962,0.7917038
0.19120137,0.8087986
0.19300556,0.8069945
0.7687649,0.23123506
0.8262779,0.17372206
0.24970186,0.7502981
0.3160262,0.6839738
0.22603707,0.773963
0.9694718,0.030528111
0.23515972,0.76484025
0.9999898,1.0178516e-05
0.9968139,0.0031860794
0.45755005,0.54244995
0.9636052,0.036394805
0.99999934,6.126932e-07
0.22562912,0.7743709
0.16457869,0.83542126
0.23981033,0.76018965
0.41469038,0.58530957
0.31714308,0.6828569
0.9999997,2.4270855e-07
0.21167469,0.7883253
0.18319824,0.8168018
0.21819137,0.7818086
0.45492324,0.5450767
0.88361007,0.11638988
0.999999,9.0136126e-07
0.19903144,0.8009685
0.1803859,0.8196141
0.22010747,0.77989256
0.99740374,0.0025962514
0.2874807,0.7125193
0.99997824,2.1679321e-05
0.0763446,0.92365545
0.18515751,0.8148425
0.35162345,0.6483765
0.7836602,0.21633981
0.99946177,0.0005382006
0.99996966,3.0250858e-05
0.23457353,0.7654265
0.19145466,0.8085453
0.9407994,0.059200626
0.90702975,0.09297029
0.58262384,0.41737616
0.9999996,3.2866615e-07
0.1797717,0.8202283
0.19710137,0.80289865
0.762247,0.23775302
0.40587962,0.5941203
0.99202865,0.007971368
0.99999976,6.375338e-08
0.14688475,0.85311526
0.19209774,0.8079023
0.99934244,0.0006575612
0.5505862,0.44941378
0.28515536,0.7148446
0.9999224,7.749678e-05
0.25700155,0.7429984
0.19120058,0.80879945
0.9743637,0.025636213
0.477095,0.522905
0.39668053,0.60331947
0.9999998,1.478761e-07
0.20416762,0.7958324
0.1792209,0.8207791
0.3668486,0.63315135
