epoch,train_loss,val_accuracy,val_macro_f1
1,1.0703330295426505,0.7030567685589519,0.4798382154675818
2,0.7986886728377569,0.7510917030567685,0.5139261790469991
3,0.7055719636735462,0.7729257641921398,0.5270212383755476
4,0.6018409118765876,0.7467248908296943,0.5090112433862434
5,0.5343195824396043,0.7379912663755459,0.5028797398589065
6,0.46898666875702993,0.7467248908296943,0.505326278659612
7,0.3986758313008717,0.7641921397379913,0.5217754411905643
8,0.32662899792194366,0.7641921397379913,0.5201561008012621
9,0.276515217764037,0.74235807860262,0.5028072975735428
