sample_id,sample_index,true_label,prediction,text_ig_raw,audio_ig_raw,vision_ig_raw,text_xai,audio_xai,vision_xai
c7UH_rxdZv4$_$24,0,0,0,0.014116677455604076,0.05883500725030899,0.015005658380687237,0.16049458703572594,0.6689038707287099,0.17060154222419485
c7UH_rxdZv4$_$25,1,1,2,0.014745097607374191,0.04373009130358696,0.015241222456097603,0.20002462591068595,0.5932205663844233,0.20675480769132515
c7UH_rxdZv4$_$26,2,0,0,0.007679896429181099,0.053898293524980545,0.010852857492864132,0.10603044826449526,0.744132460098085,0.14983709162361344
c7UH_rxdZv4$_$27,3,0,0,0.010776929557323456,0.04326459392905235,0.011972884647548199,0.163251172915115,0.6553810774251844,0.18136774964455235
c7UH_rxdZv4$_$20,4,0,0,0.013142574578523636,0.10878214985132217,0.012543058954179287,0.09773772012655374,0.8089829928990754,0.09327928696693408
c7UH_rxdZv4$_$21,5,0,0,0.010457402095198631,0.07297362387180328,0.01229704450815916,0.1092407069648689,0.7623012091315026,0.12845808389318222
c7UH_rxdZv4$_$22,6,0,0,0.010197717696428299,0.10837068408727646,0.008549598045647144,0.0802224524460571,0.8525203687275202,0.06725717881855596
c7UH_rxdZv4$_$23,7,0,0,0.013486537151038647,0.020225897431373596,0.008966000750660896,0.3160035518048014,0.47391375229789334,0.21008269587387426
c7UH_rxdZv4$_$28,8,0,2,0.01396595686674118,0.020197732374072075,0.013574190437793732,0.29255503094133567,0.4230965537143513,0.28434841532336536
c7UH_rxdZv4$_$29,9,2,2,0.011923206970095634,0.02738446556031704,0.014477165415883064,0.22168342278504763,0.5091484255683978,0.26916815162796204
c7UH_rxdZv4$_$1,10,0,2,0.011299951002001762,0.048371005803346634,0.018199898302555084,0.14511142822560022,0.6211695728228372,0.23371899893872067
c7UH_rxdZv4$_$3,11,0,0,0.013800075277686119,0.08689115196466446,0.013592888601124287,0.12075234756565946,0.7603082136358432,0.11893943878974711
c7UH_rxdZv4$_$2,12,0,2,0.014047223143279552,0.05172096565365791,0.018818816170096397,0.16606833577554986,0.611452854645979,0.22247880956664898
c7UH_rxdZv4$_$5,13,0,0,0.01417817734181881,0.0813361257314682,0.01227773167192936,0.13153269975095705,0.754565269344479,0.11390203089528673
c7UH_rxdZv4$_$4,14,2,2,0.008702120743691921,0.020530883222818375,0.022521479055285454,0.16814235667002972,0.3966976776441831,0.4351599656664652
c7UH_rxdZv4$_$7,15,0,0,0.015264960937201977,0.10978018492460251,0.013693076558411121,0.11002707596221649,0.791275706209532,0.09869721782104367
c7UH_rxdZv4$_$6,16,0,0,0.010738471522927284,0.1775950789451599,0.017747854813933372,0.05210791098876521,0.8617714863757885,0.08612060263059382
c7UH_rxdZv4$_$9,17,0,2,0.009989326819777489,0.05759599804878235,0.020243247970938683,0.11373664055681117,0.6557774558557363,0.23048590357606658
c7UH_rxdZv4$_$8,18,0,2,0.013394402340054512,0.019190892577171326,0.016722112894058228,0.27165091280092674,0.38920911539767167,0.3391399717811207
c7UH_rxdZv4$_$11,19,2,2,0.007547087501734495,0.029879918321967125,0.01826048456132412,0.13552572488754794,0.5365642824777971,0.3279099926166976
c7UH_rxdZv4$_$10,20,2,0,0.014268497936427593,0.23848366737365723,0.010902426205575466,0.054118146982947465,0.904530681608052,0.041351171405207804
c7UH_rxdZv4$_$13,21,0,2,0.010748123750090599,0.04757034406065941,0.01765749230980873,0.14146742907748708,0.6261236315348777,0.2324089393744731
c7UH_rxdZv4$_$12,22,0,0,0.01281399093568325,0.0900227501988411,0.007973805069923401,0.11563873091939762,0.8124023685609748,0.07195890051060308
c7UH_rxdZv4$_$15,23,0,0,0.015623936429619789,0.08090982586145401,0.017283106222748756,0.13727259090408955,0.7108772795916186,0.15185012949550575
c7UH_rxdZv4$_$14,24,2,2,0.016684330999851227,0.045667748898267746,0.014369315467774868,0.2174664696863778,0.5952413753670323,0.18729215493355575
c7UH_rxdZv4$_$17,25,0,2,0.011012619361281395,0.024753503501415253,0.01688471995294094,0.20916321130193616,0.4701444872900151,0.32069230138905575
c7UH_rxdZv4$_$16,26,0,2,0.012205339968204498,0.04981137439608574,0.018723592162132263,0.15116786761342177,0.6169331841608489,0.2318989482133439
c7UH_rxdZv4$_$19,27,0,0,0.011321431025862694,0.06589213758707047,0.008364046923816204,0.13229430330258113,0.769969310000284,0.09773638668544951
c7UH_rxdZv4$_$18,28,0,0,0.012603453360497952,0.09023924171924591,0.008391700685024261,0.1133053609338399,0.8112530400153135,0.07544159904185652
c7UH_rxdZv4$_$31,29,0,0,0.010419948026537895,0.08641275018453598,0.008827300742268562,0.09861771843326006,0.8178378860468896,0.08354439551038606
c7UH_rxdZv4$_$30,30,2,2,0.014279253780841827,0.042037107050418854,0.016807232052087784,0.19527560418736192,0.5748774833439094,0.22984691245505307
c7UH_rxdZv4$_$33,31,0,0,0.012358956038951874,0.05735167860984802,0.011716934852302074,0.15177852064751654,0.7043275264204901,0.14389395291971244
c7UH_rxdZv4$_$32,32,0,0,0.010544179007411003,0.06536783277988434,0.014541243202984333,0.11657047619157028,0.722669767784324,0.16075975601305015
cM3Yna7AavY$_$11,33,2,2,0.014955751597881317,0.040486376732587814,0.02889465168118477,0.17733368046109127,0.4800559936781228,0.34261032584892864
cM3Yna7AavY$_$10,34,2,2,0.012099756859242916,0.0510408878326416,0.013081145472824574,0.158744065613489,0.6696364349574676,0.17161949941592372
cM3Yna7AavY$_$13,35,0,0,0.011570373550057411,0.04419521614909172,0.01503804326057434,0.16341496991370177,0.624194187515885,0.21239084255628965
cM3Yna7AavY$_$12,36,0,0,0.010348010808229446,0.05248822644352913,0.02943827584385872,0.11214375953839409,0.568826913110564,0.3190293273402046
cM3Yna7AavY$_$15,37,0,0,0.013021453283727169,0.0403546504676342,0.01116745825856924,0.20174674093013262,0.6252312269471592,0.1730220321072147
cM3Yna7AavY$_$14,38,0,0,0.013660411350429058,0.04138229787349701,0.009721754118800163,0.21092448922071316,0.6389661202605446,0.1501093905033016
cM3Yna7AavY$_$16,39,0,0,0.01499328762292862,0.12002348899841309,0.013292694464325905,0.10109460652156861,0.8092773045375838,0.0896280889341049
cM3Yna7AavY$_$1,40,2,0,0.011441128328442574,0.0791769027709961,0.027274826541543007,0.09704683182069535,0.6716005053626012,0.23135266280822117
cM3Yna7AavY$_$3,41,2,2,0.009636802598834038,0.01799945905804634,0.02261560596525669,0.19177003869995551,0.3581848776852026,0.4500450835949422
cM3Yna7AavY$_$2,42,2,2,0.009676525369286537,0.024289937689900398,0.01902121677994728,0.18261840107891064,0.4584072705803318,0.35897432832188525
cM3Yna7AavY$_$5,43,2,2,0.014819706790149212,0.019258087500929832,0.017163466662168503,0.28921432677820863,0.37583164704172783,0.3349540261605481
cM3Yna7AavY$_$4,44,2,0,0.010516155511140823,0.055540233850479126,0.029438376426696777,0.11012284730182871,0.5816050062158754,0.30827214647182405
cM3Yna7AavY$_$7,45,2,2,0.013228441588580608,0.03336155414581299,0.022308290004730225,0.19199957511971666,0.48421457496996106,0.32378584989580805
cM3Yna7AavY$_$6,46,2,2,0.008721615187823772,0.027371883392333984,0.02169772982597351,0.1509158989731312,0.4736338739765631,0.375450227033002
cM3Yna7AavY$_$9,47,0,0,0.010201624594628811,0.11028458178043365,0.02952463924884796,0.06800591351999388,0.7351773888148796,0.19681669765846033
cM3Yna7AavY$_$8,48,0,0,0.012252341024577618,0.06318595260381699,0.025247368961572647,0.1216890340619043,0.6275566051594474,0.2507543607687163
cW1FSBF59ik$_$24,49,1,0,0.018740462139248848,0.035553622990846634,0.015987059101462364,0.2666499292788591,0.5058771222221559,0.22747294848475635
cW1FSBF59ik$_$20,50,2,2,0.01138092577457428,0.025909945368766785,0.017976064234972,0.2059264856367315,0.4688145849039627,0.3252589294412118
cW1FSBF59ik$_$21,51,2,2,0.010122686624526978,0.006619343068450689,0.024380354210734367,0.24616001465243514,0.1609669099872444,0.5928730753360029
cW1FSBF59ik$_$22,52,0,2,0.01011122576892376,0.03131487965583801,0.04195858910679817,0.12125997253579361,0.3755470932811323,0.5031929341710815
cW1FSBF59ik$_$23,53,2,2,0.010629082098603249,0.05977534130215645,0.03104018233716488,0.1047772034913123,0.5892412008184332,0.3059815956803968
cW1FSBF59ik$_$1,54,0,0,0.013440544717013836,0.08631745725870132,0.027654757723212242,0.10548821600495867,0.6774632106077089,0.21704857337948388
cW1FSBF59ik$_$3,55,0,0,0.00978761725127697,0.0941496342420578,0.07198329269886017,0.05563657898038483,0.5351827137293482,0.40918070728458256
cW1FSBF59ik$_$2,56,2,2,0.008598938584327698,0.02660076692700386,0.03435007855296135,0.12363717155836267,0.3824708772931807,0.49389195113407836
cW1FSBF59ik$_$5,57,2,2,0.010808849707245827,0.045157540589571,0.017886964604258537,0.14635556802500904,0.6114487371555009,0.24219569480594974
cW1FSBF59ik$_$4,58,2,2,0.010264750570058823,0.04528586566448212,0.030489617958664894,0.11930175070060509,0.526333593679732,0.3543646556080404
cW1FSBF59ik$_$7,59,2,2,0.016619877889752388,0.05223892256617546,0.016243426129221916,0.19529310285351856,0.6138373185018081,0.19086957863292267
cW1FSBF59ik$_$6,60,2,2,0.013537319377064705,0.032086730003356934,0.017389263957738876,0.21483268629602031,0.5092055678877654,0.27596174580034455
cW1FSBF59ik$_$9,61,0,0,0.01324017345905304,0.03151114657521248,0.016004422679543495,0.21792464164586356,0.5186529728247687,0.2634223855129084
cW1FSBF59ik$_$8,62,2,2,0.013062609359622002,0.030472368001937866,0.018007338047027588,0.2122541095941123,0.49514497137672997,0.2926009190129088
cW1FSBF59ik$_$11,63,0,0,0.011354113928973675,0.10283179581165314,0.012927837669849396,0.08932247030857805,0.8089746223811601,0.10170290730239483
cW1FSBF59ik$_$10,64,0,2,0.009881531819701195,0.05853433534502983,0.037426020950078964,0.09336125796328414,0.5530356306662139,0.3536031113610539
cW1FSBF59ik$_$13,65,2,2,0.012734068557620049,0.019387928768992424,0.0284395944327116,0.21026641122670364,0.32013571977634353,0.4695978689804407
cW1FSBF59ik$_$12,66,2,0,0.015278051607310772,0.06049447879195213,0.01824497990310192,0.16250219302780217,0.6434384254247485,0.19405938153681299
cW1FSBF59ik$_$15,67,0,0,0.013277946040034294,0.10308945178985596,0.015727069228887558,0.10051856323418538,0.7804221787972696,0.11905925796097466
cW1FSBF59ik$_$14,68,0,0,0.013193453662097454,0.035206835716962814,0.031014127656817436,0.16613423801840418,0.4433305315408133,0.39053523042819027
cW1FSBF59ik$_$17,69,2,2,0.014318250119686127,0.03289050608873367,0.023754892870783806,0.2017687971978941,0.4634838613155391,0.33474734147247504
cW1FSBF59ik$_$16,70,2,2,0.010990262031555176,0.028205448761582375,0.032538920640945435,0.15320720008857827,0.393191519874291,0.4536012800231904
cW1FSBF59ik$_$19,71,2,0,0.01260310411453247,0.037727005779743195,0.014485473744571209,0.19444558556415467,0.5820668990558876,0.22348751536452924
cW1FSBF59ik$_$18,72,2,2,0.01123718824237585,0.09739039838314056,0.03601834923028946,0.07768754908883338,0.6733020033107149,0.24901044759353827
cXypl4FnoZo$_$24,73,2,0,0.015836462378501892,0.09434721618890762,0.030120333656668663,0.11287248402488133,0.6724484545570525,0.21467906141093876
cXypl4FnoZo$_$25,74,0,0,0.011592070572078228,0.04696684703230858,0.00918553490191698,0.17111468383080433,0.6932943627708099,0.13559095338362434
cXypl4FnoZo$_$26,75,2,2,0.01284484937787056,0.03221980482339859,0.016538728028535843,0.20850883365049147,0.523020062481033,0.2684711038522426
cXypl4FnoZo$_$27,76,2,0,0.009007848799228668,0.04555744677782059,0.007108261343091726,0.14605690427011647,0.7386868708751906,0.1152562248384785
cXypl4FnoZo$_$20,77,0,2,0.007178221829235554,0.01494115311652422,0.012084024026989937,0.20986866933150905,0.436832407445564,0.3532989231936901
cXypl4FnoZo$_$21,78,0,0,0.010667439550161362,0.048901770263910294,0.01675199531018734,0.1397703237606622,0.6407363482226506,0.21949332800358465
cXypl4FnoZo$_$22,79,2,0,0.011428560130298138,0.08926098793745041,0.02288663014769554,0.09248190302730495,0.7223154917536735,0.18520260521092935
cXypl4FnoZo$_$23,80,2,0,0.01267210766673088,0.04184750095009804,0.014718817546963692,0.18302131299995641,0.6043970562025466,0.21258163078305403
cXypl4FnoZo$_$28,81,0,2,0.010888958349823952,0.01419699378311634,0.015551517717540264,0.26795364941814237,0.34935722708629946,0.38268912347095035
cXypl4FnoZo$_$29,82,0,0,0.014070375822484493,0.04549958184361458,0.010707077570259571,0.20021299667753778,0.6474317206174259,0.15235528269080684
cXypl4FnoZo$_$1,83,2,2,0.009017786011099815,0.01549642812460661,0.016237903386354446,0.2212838634948679,0.38026068500213434,0.3984554514784592
cXypl4FnoZo$_$3,84,2,2,0.012914592400193214,0.03580530732870102,0.017620069906115532,0.19467287174010234,0.5397245058319361,0.2656026224128876
cXypl4FnoZo$_$2,85,2,2,0.009204227477312088,0.03210556134581566,0.013925820589065552,0.16663575499745664,0.5812475264941512,0.25211671849028794
cXypl4FnoZo$_$5,86,2,2,0.010394463315606117,0.02865196205675602,0.01771668903529644,0.1831200318004496,0.5047637423570522,0.3121162258248811
cXypl4FnoZo$_$4,87,0,0,0.010105717927217484,0.09804772585630417,0.011422845534980297,0.08451272392485355,0.8199595957884717,0.09552768027831184
cXypl4FnoZo$_$7,88,0,2,0.01109362207353115,0.015021908096969128,0.017038507387042046,0.25707031603894903,0.3480997131865254,0.3948299707513528
cXypl4FnoZo$_$6,89,0,2,0.009797748178243637,0.03484455123543739,0.023962847888469696,0.14281360165221407,0.5078999551078456,0.34928644322536406
cXypl4FnoZo$_$9,90,2,2,0.010866304859519005,0.04084109887480736,0.018520304933190346,0.15472959413796739,0.58155249045049,0.26371791539730316
cXypl4FnoZo$_$8,91,2,0,0.010053376667201519,0.05554058030247688,0.009001540951430798,0.13477189572082499,0.7445567339797236,0.12067137028604577
cXypl4FnoZo$_$11,92,2,2,0.007181973662227392,0.06623615324497223,0.03107815980911255,0.068729462910547,0.633861310537829,0.2974092265420542
cXypl4FnoZo$_$10,93,2,2,0.011820914223790169,0.03014758788049221,0.012811273336410522,0.2157897532159883,0.5503415747401343,0.23386867202562242
cXypl4FnoZo$_$13,94,0,0,0.011613245122134686,0.13159869611263275,0.025058388710021973,0.06901540589999468,0.7820671425261309,0.14891745156793165
cXypl4FnoZo$_$12,95,2,2,0.007879946380853653,0.021074825897812843,0.015974221751093864,0.1753866640205364,0.4690696142313824,0.3555437217258239
cXypl4FnoZo$_$15,96,1,0,0.01356272678822279,0.08007770776748657,0.01772448979318142,0.12178634222038234,0.7190568146564282,0.15915684311420988
cXypl4FnoZo$_$14,97,0,0,0.010597139596939087,0.12580594420433044,0.012606612406671047,0.07111711429892345,0.8442802542723531,0.08460263142201246
cXypl4FnoZo$_$17,98,0,0,0.012984084896743298,0.04126284271478653,0.007785075809806585,0.20931268023608607,0.6651863624950836,0.12550095725270974
cXypl4FnoZo$_$16,99,0,0,0.009556856006383896,0.04067295789718628,0.0149722620844841,0.1465728791823782,0.6237985107102142,0.22962861009207056
