sample_id,sample_index_x,true_label_x,prediction,text_ig_raw,audio_ig_raw,vision_ig_raw,text_xai,audio_xai,vision_xai,sample_index_y,true_label_y,fused_prediction,fused_correct,text_true_class_prob,audio_true_class_prob,vision_true_class_prob,text_MBS,audio_MBS,vision_MBS
c7UH_rxdZv4$_$24,0,0,0,0.014116677455604076,0.05883500725030899,0.015005658380687237,0.16049458703572594,0.6689038707287099,0.17060154222419485,0,0,0,True,0.7770370244979858,0.3488713800907135,0.3708482682704925,0.5191471924515588,0.2330849004496362,0.2477679070988049
c7UH_rxdZv4$_$25,1,1,2,0.014745097607374191,0.04373009130358696,0.015241222456097603,0.20002462591068595,0.5932205663844233,0.20675480769132515,1,1,2,False,0.0024645598605275,0.0547690391540527,0.0901109427213668,0.0167265093873935,0.371707282189001,0.6115662084236055
c7UH_rxdZv4$_$26,2,0,0,0.007679896429181099,0.053898293524980545,0.010852857492864132,0.10603044826449526,0.744132460098085,0.14983709162361344,2,0,0,True,0.491454005241394,0.4172802269458771,0.3494593799114227,0.3906028456317134,0.3316502507510309,0.2777469036172557
c7UH_rxdZv4$_$27,3,0,0,0.010776929557323456,0.04326459392905235,0.011972884647548199,0.163251172915115,0.6553810774251844,0.18136774964455235,3,0,0,True,0.7415681481361389,0.4608499705791473,0.4801078140735626,0.4407469351197234,0.2739036359548238,0.2853494289254527
c7UH_rxdZv4$_$20,4,0,0,0.013142574578523636,0.10878214985132217,0.012543058954179287,0.09773772012655374,0.8089829928990754,0.09327928696693408,4,0,0,True,0.9627628922462464,0.560271143913269,0.4603976309299469,0.4854026020765459,0.2824756472379132,0.2321217506855409
c7UH_rxdZv4$_$21,5,0,0,0.010457402095198631,0.07297362387180328,0.01229704450815916,0.1092407069648689,0.7623012091315026,0.12845808389318222,5,0,0,True,0.6666341423988342,0.4822718203067779,0.4139521420001983,0.4265480918527278,0.3085832417253004,0.2648686664219717
c7UH_rxdZv4$_$22,6,0,0,0.010197717696428299,0.10837068408727646,0.008549598045647144,0.0802224524460571,0.8525203687275202,0.06725717881855596,6,0,0,True,0.8842929601669312,0.4942260086536407,0.3879785537719726,0.5005911125587804,0.2797773573598368,0.2196315300813828
c7UH_rxdZv4$_$23,7,0,0,0.013486537151038647,0.020225897431373596,0.008966000750660896,0.3160035518048014,0.47391375229789334,0.21008269587387426,7,0,0,True,0.8695117235183716,0.3944341540336609,0.3678889274597168,0.5328429819292346,0.2417120610629584,0.2254449570078069
c7UH_rxdZv4$_$28,8,0,2,0.01396595686674118,0.020197732374072075,0.013574190437793732,0.29255503094133567,0.4230965537143513,0.28434841532336536,8,0,2,False,0.1771762371063232,0.4341888129711151,0.3678691685199737,0.1809334618229521,0.4433962832640973,0.3756702549129505
c7UH_rxdZv4$_$29,9,2,2,0.011923206970095634,0.02738446556031704,0.014477165415883064,0.22168342278504763,0.5091484255683978,0.26916815162796204,9,2,2,True,0.6826350092887878,0.4557939767837524,0.5537636280059814,0.4034026644540785,0.2693511205472041,0.3272462149987173
c7UH_rxdZv4$_$1,10,0,2,0.011299951002001762,0.048371005803346634,0.018199898302555084,0.14511142822560022,0.6211695728228372,0.23371899893872067,10,0,2,False,0.3977763652801513,0.3955989778041839,0.3271265923976898,0.3549983741072551,0.3530551490158761,0.2919464768768688
c7UH_rxdZv4$_$3,11,0,0,0.013800075277686119,0.08689115196466446,0.013592888601124287,0.12075234756565946,0.7603082136358432,0.11893943878974711,11,0,0,True,0.8136149644851685,0.3692939877510071,0.3215489089488983,0.540802760566705,0.2454664881475053,0.2137307512857898
c7UH_rxdZv4$_$2,12,0,2,0.014047223143279552,0.05172096565365791,0.018818816170096397,0.16606833577554986,0.611452854645979,0.22247880956664898,12,0,2,False,0.4264246523380279,0.3565831184387207,0.3599762618541717,0.373080148247114,0.3119755904357979,0.3149442613170881
c7UH_rxdZv4$_$5,13,0,0,0.01417817734181881,0.0813361257314682,0.01227773167192936,0.13153269975095705,0.754565269344479,0.11390203089528673,13,0,0,True,0.6912602186203003,0.4817489087581634,0.4567166566848755,0.4241573799592253,0.2956012069447876,0.2802414130959869
c7UH_rxdZv4$_$4,14,2,2,0.008702120743691921,0.020530883222818375,0.022521479055285454,0.16814235667002972,0.3966976776441831,0.4351599656664652,14,2,2,True,0.7586288452148438,0.4118950963020324,0.4737955629825592,0.4613634048242868,0.2504957796674812,0.2881408155082319
c7UH_rxdZv4$_$7,15,0,0,0.015264960937201977,0.10978018492460251,0.013693076558411121,0.11002707596221649,0.791275706209532,0.09869721782104367,15,0,0,True,0.7872612476348877,0.3582861125469208,0.3202880918979645,0.5370734119698749,0.2444245102945035,0.2185020777356215
c7UH_rxdZv4$_$6,16,0,0,0.010738471522927284,0.1775950789451599,0.017747854813933372,0.05210791098876521,0.8617714863757885,0.08612060263059382,16,0,0,True,0.7973139882087708,0.616206169128418,0.5223603844642639,0.411861151033019,0.3183079512514761,0.2698308977155049
c7UH_rxdZv4$_$9,17,0,2,0.009989326819777489,0.05759599804878235,0.020243247970938683,0.11373664055681117,0.6557774558557363,0.23048590357606658,17,0,2,False,0.2697680592536926,0.5297453999519348,0.4525639116764068,0.2154563811529096,0.4230931827948876,0.3614504360522027
c7UH_rxdZv4$_$8,18,0,2,0.013394402340054512,0.019190892577171326,0.016722112894058228,0.27165091280092674,0.38920911539767167,0.3391399717811207,18,0,2,False,0.1952091306447982,0.4265966713428497,0.4225314855575561,0.1869215367227311,0.4084855309012267,0.4045929323760422
c7UH_rxdZv4$_$11,19,2,2,0.007547087501734495,0.029879918321967125,0.01826048456132412,0.13552572488754794,0.5365642824777971,0.3279099926166976,19,2,2,True,0.7455490231513977,0.4583750069141388,0.5087577104568481,0.4353108960710926,0.2676358345329996,0.2970532693959077
c7UH_rxdZv4$_$10,20,2,0,0.014268497936427593,0.23848366737365723,0.010902426205575466,0.054118146982947465,0.904530681608052,0.041351171405207804,20,2,0,False,0.3769145607948303,0.3265584409236908,0.4267779588699341,0.3334786467233729,0.2889256035258497,0.3775957497507773
c7UH_rxdZv4$_$13,21,0,2,0.010748123750090599,0.04757034406065941,0.01765749230980873,0.14146742907748708,0.6261236315348777,0.2324089393744731,21,0,2,False,0.3632605969905853,0.414085179567337,0.338602066040039,0.3255175404478612,0.3710614096473665,0.3034210499047723
c7UH_rxdZv4$_$12,22,0,0,0.01281399093568325,0.0900227501988411,0.007973805069923401,0.11563873091939762,0.8124023685609748,0.07195890051060308,22,0,0,True,0.8657262921333313,0.4279969930648803,0.3459528684616089,0.5279861454354854,0.2610253202192241,0.2109885343452905
c7UH_rxdZv4$_$15,23,0,0,0.015623936429619789,0.08090982586145401,0.017283106222748756,0.13727259090408955,0.7108772795916186,0.15185012949550575,23,0,0,True,0.9091342687606812,0.3158482909202575,0.3277299702167511,0.5855135778549975,0.20341710705527,0.2110693150897324
c7UH_rxdZv4$_$14,24,2,2,0.016684330999851227,0.045667748898267746,0.014369315467774868,0.2174664696863778,0.5952413753670323,0.18729215493355575,24,2,2,True,0.9545593857765198,0.574224591255188,0.5363019108772278,0.462237135687895,0.2780632973268905,0.2596995669852145
c7UH_rxdZv4$_$17,25,0,2,0.011012619361281395,0.024753503501415253,0.01688471995294094,0.20916321130193616,0.4701444872900151,0.32069230138905575,25,0,2,False,0.1543884873390197,0.4485761821269989,0.4049372673034668,0.1531780838063113,0.4450593512745591,0.4017625649191295
c7UH_rxdZv4$_$16,26,0,2,0.012205339968204498,0.04981137439608574,0.018723592162132263,0.15116786761342177,0.6169331841608489,0.2318989482133439,26,0,2,False,0.3521702885627746,0.354205846786499,0.410290390253067,0.3153764176577341,0.3171993058495569,0.3674242764927088
c7UH_rxdZv4$_$19,27,0,0,0.011321431025862694,0.06589213758707047,0.008364046923816204,0.13229430330258113,0.769969310000284,0.09773638668544951,27,0,0,True,0.7090693116188049,0.3846850097179413,0.3273126482963562,0.4989696662936833,0.2707015347892161,0.2303287989171005
c7UH_rxdZv4$_$18,28,0,0,0.012603453360497952,0.09023924171924591,0.008391700685024261,0.1133053609338399,0.8112530400153135,0.07544159904185652,28,0,0,True,0.830130398273468,0.4995920956134796,0.3930578827857971,0.481855034753021,0.2899917496032524,0.2281532156437265
c7UH_rxdZv4$_$31,29,0,0,0.010419948026537895,0.08641275018453598,0.008827300742268562,0.09861771843326006,0.8178378860468896,0.08354439551038606,29,0,0,True,0.8990780115127563,0.5013955235481262,0.424749493598938,0.4925852881512836,0.2747037023285195,0.2327110095201968
c7UH_rxdZv4$_$30,30,2,2,0.014279253780841827,0.042037107050418854,0.016807232052087784,0.19527560418736192,0.5748774833439094,0.22984691245505307,30,2,2,True,0.7932084798812866,0.5727276802062988,0.5618340969085693,0.4114642172751754,0.297093327448013,0.2914424552768115
c7UH_rxdZv4$_$33,31,0,0,0.012358956038951874,0.05735167860984802,0.011716934852302074,0.15177852064751654,0.7043275264204901,0.14389395291971244,31,0,0,True,0.7493811845779419,0.3533266484737396,0.3593855202198028,0.5125399023948611,0.2416580635450937,0.245802034060045
c7UH_rxdZv4$_$32,32,0,0,0.010544179007411003,0.06536783277988434,0.014541243202984333,0.11657047619157028,0.722669767784324,0.16075975601305015,32,0,0,True,0.520300567150116,0.3303736746311188,0.3214575350284576,0.4438925532471014,0.2818571095566828,0.2742503371962158
cM3Yna7AavY$_$11,33,2,2,0.014955751597881317,0.040486376732587814,0.02889465168118477,0.17733368046109127,0.4800559936781228,0.34261032584892864,33,2,2,True,0.8832054734230042,0.5725204348564148,0.4041303694248199,0.4748783462522229,0.3078304714830546,0.2172911822647224
cM3Yna7AavY$_$10,34,2,2,0.012099756859242916,0.0510408878326416,0.013081145472824574,0.158744065613489,0.6696364349574676,0.17161949941592372,34,2,2,True,0.9625378847122192,0.5827650427818298,0.5045896172523499,0.4695552882413644,0.2842905323380871,0.2461541794205485
cM3Yna7AavY$_$13,35,0,0,0.011570373550057411,0.04419521614909172,0.01503804326057434,0.16341496991370177,0.624194187515885,0.21239084255628965,35,0,0,True,0.8234294056892395,0.3880966901779175,0.42387455701828,0.5035031655615477,0.2373098540062185,0.2591869804322337
cM3Yna7AavY$_$12,36,0,0,0.010348010808229446,0.05248822644352913,0.02943827584385872,0.11214375953839409,0.568826913110564,0.3190293273402046,36,0,0,True,0.60547935962677,0.4091845750808716,0.5964277982711792,0.3758192952224214,0.2539796876272908,0.3702010171502877
cM3Yna7AavY$_$15,37,0,0,0.013021453283727169,0.0403546504676342,0.01116745825856924,0.20174674093013262,0.6252312269471592,0.1730220321072147,37,0,0,True,0.8033958673477173,0.3759684264659881,0.3612868189811706,0.5214651524122725,0.2440321649357384,0.234502682651989
cM3Yna7AavY$_$14,38,0,0,0.013660411350429058,0.04138229787349701,0.009721754118800163,0.21092448922071316,0.6389661202605446,0.1501093905033016,38,0,0,True,0.7178531885147095,0.3849222362041473,0.3536580502986908,0.4928842963500688,0.2642909839733735,0.2428247196765577
cM3Yna7AavY$_$16,39,0,0,0.01499328762292862,0.12002348899841309,0.013292694464325905,0.10109460652156861,0.8092773045375838,0.0896280889341049,39,0,0,True,0.798119306564331,0.4689478278160095,0.4686644375324249,0.4598172433337768,0.2701730125812207,0.2700097440850025
cM3Yna7AavY$_$1,40,2,0,0.011441128328442574,0.0791769027709961,0.027274826541543007,0.09704683182069535,0.6716005053626012,0.23135266280822117,40,2,0,False,0.0646192207932472,0.3945837020874023,0.4421735405921936,0.0716894920289807,0.4377568286697231,0.4905536793012962
cM3Yna7AavY$_$3,41,2,2,0.009636802598834038,0.01799945905804634,0.02261560596525669,0.19177003869995551,0.3581848776852026,0.4500450835949422,41,2,2,True,0.649149477481842,0.4208638966083526,0.4806532859802246,0.4186260620656942,0.2714083609621427,0.3099655769721631
cM3Yna7AavY$_$2,42,2,2,0.009676525369286537,0.024289937689900398,0.01902121677994728,0.18261840107891064,0.4584072705803318,0.35897432832188525,42,2,2,True,0.6272677779197693,0.4228503108024597,0.5041291117668152,0.4035830193050367,0.2720611693361325,0.3243558113588307
cM3Yna7AavY$_$5,43,2,2,0.014819706790149212,0.019258087500929832,0.017163466662168503,0.28921432677820863,0.37583164704172783,0.3349540261605481,43,2,2,True,0.5868871808052063,0.4794221818447113,0.4768458306789398,0.3803163695669437,0.310676582573988,0.3090070478590681
cM3Yna7AavY$_$4,44,2,0,0.010516155511140823,0.055540233850479126,0.029438376426696777,0.11012284730182871,0.5816050062158754,0.30827214647182405,44,2,0,False,0.486477792263031,0.4164797663688659,0.3698308765888214,0.3822141832854329,0.327218377260509,0.290567439454058
cM3Yna7AavY$_$7,45,2,2,0.013228441588580608,0.03336155414581299,0.022308290004730225,0.19199957511971666,0.48421457496996106,0.32378584989580805,45,2,2,True,0.9943788647651672,0.4283477365970611,0.3446876108646393,0.5626178956161565,0.2423584316759346,0.1950236727079089
cM3Yna7AavY$_$6,46,2,2,0.008721615187823772,0.027371883392333984,0.02169772982597351,0.1509158989731312,0.4736338739765631,0.375450227033002,46,2,2,True,0.7704132199287415,0.4499144554138183,0.4418874382972717,0.4634858711167238,0.270671618686356,0.2658425101969202
cM3Yna7AavY$_$9,47,0,0,0.010201624594628811,0.11028458178043365,0.02952463924884796,0.06800591351999388,0.7351773888148796,0.19681669765846033,47,0,0,True,0.4849272966384887,0.5159988403320312,0.6583194732666016,0.2922576944887551,0.3109840020961636,0.3967583034150813
cM3Yna7AavY$_$8,48,0,0,0.012252341024577618,0.06318595260381699,0.025247368961572647,0.1216890340619043,0.6275566051594474,0.2507543607687163,48,0,0,True,0.4991846978664398,0.4086880087852478,0.5676008462905884,0.3383216844998706,0.2769876884409575,0.3846906270591719
cW1FSBF59ik$_$24,49,1,0,0.018740462139248848,0.035553622990846634,0.015987059101462364,0.2666499292788591,0.5058771222221559,0.22747294848475635,49,1,0,False,0.0094363465905189,0.0839175283908844,0.0978676602244377,0.0493477190231799,0.4388497786117609,0.5118025023650592
cW1FSBF59ik$_$20,50,2,2,0.01138092577457428,0.025909945368766785,0.017976064234972,0.2059264856367315,0.4688145849039627,0.3252589294412118,50,2,2,True,0.8990644812583923,0.5212995409965515,0.4839541614055633,0.4721188344324885,0.273746029140205,0.2541351364273064
cW1FSBF59ik$_$21,51,2,2,0.010122686624526978,0.006619343068450689,0.024380354210734367,0.24616001465243514,0.1609669099872444,0.5928730753360029,51,2,2,True,0.9576936364173888,0.4761923253536224,0.5637341141700745,0.4794173065998128,0.2383798256178851,0.2822028677823021
cW1FSBF59ik$_$22,52,0,2,0.01011122576892376,0.03131487965583801,0.04195858910679817,0.12125997253579361,0.3755470932811323,0.5031929341710815,52,0,2,False,0.3217482268810272,0.48009192943573,0.4667206406593323,0.2536324846613494,0.3784540170089924,0.3679134983296581
cW1FSBF59ik$_$23,53,2,2,0.010629082098603249,0.05977534130215645,0.03104018233716488,0.1047772034913123,0.5892412008184332,0.3059815956803968,53,2,2,True,0.7587583065032959,0.490833967924118,0.5516713261604309,0.4212366842119466,0.2724942466854566,0.3062690691025967
cW1FSBF59ik$_$1,54,0,0,0.013440544717013836,0.08631745725870132,0.027654757723212242,0.10548821600495867,0.6774632106077089,0.21704857337948388,54,0,0,True,0.893177330493927,0.4783067107200622,0.6302882432937622,0.4461932745330046,0.2389416190951414,0.3148651063718539
cW1FSBF59ik$_$3,55,0,0,0.00978761725127697,0.0941496342420578,0.07198329269886017,0.05563657898038483,0.5351827137293482,0.40918070728458256,55,0,0,True,0.486076146364212,0.4885777235031128,0.7116089463233948,0.2882564578291904,0.289739961536253,0.4220035806345565
cW1FSBF59ik$_$2,56,2,2,0.008598938584327698,0.02660076692700386,0.03435007855296135,0.12363717155836267,0.3824708772931807,0.49389195113407836,56,2,2,True,0.5581756234169006,0.4385179579257965,0.5058114528656006,0.371496674359574,0.2918578959416672,0.3366454296987587
cW1FSBF59ik$_$5,57,2,2,0.010808849707245827,0.045157540589571,0.017886964604258537,0.14635556802500904,0.6114487371555009,0.24219569480594974,57,2,2,True,0.5326278805732727,0.5611853003501892,0.562698483467102,0.3215358466969976,0.3387753388121484,0.339688814490854
cW1FSBF59ik$_$4,58,2,2,0.010264750570058823,0.04528586566448212,0.030489617958664894,0.11930175070060509,0.526333593679732,0.3543646556080404,58,2,2,True,0.771022617816925,0.4183109104633331,0.4523100852966308,0.4696650426684177,0.2548122546232175,0.2755227027083647
cW1FSBF59ik$_$7,59,2,2,0.016619877889752388,0.05223892256617546,0.016243426129221916,0.19529310285351856,0.6138373185018081,0.19086957863292267,59,2,2,True,0.9743436574935912,0.6267171502113342,0.5739599466323853,0.4479698207709545,0.2881430666634184,0.2638871125656272
cW1FSBF59ik$_$6,60,2,2,0.013537319377064705,0.032086730003356934,0.017389263957738876,0.21483268629602031,0.5092055678877654,0.27596174580034455,60,2,2,True,0.9214024543762208,0.5376499891281128,0.5142260789871216,0.4669398890597871,0.2724653326937738,0.260594778246439
cW1FSBF59ik$_$9,61,0,0,0.01324017345905304,0.03151114657521248,0.016004422679543495,0.21792464164586356,0.5186529728247687,0.2634223855129084,61,0,0,True,0.7913191914558411,0.4264734387397766,0.4233847856521606,0.4821655378721328,0.2598582180217697,0.2579762441060974
cW1FSBF59ik$_$8,62,2,2,0.013062609359622002,0.030472368001937866,0.018007338047027588,0.2122541095941123,0.49514497137672997,0.2926009190129088,62,2,2,True,0.9523296356201172,0.5818036794662476,0.521691620349884,0.4632347916424272,0.2830025404584306,0.2537626678991421
cW1FSBF59ik$_$11,63,0,0,0.011354113928973675,0.10283179581165314,0.012927837669849396,0.08932247030857805,0.8089746223811601,0.10170290730239483,63,0,0,True,0.673066258430481,0.5056499242782593,0.4026988446712494,0.4256101319244347,0.3197452379822108,0.2546446300933544
cW1FSBF59ik$_$10,64,0,2,0.009881531819701195,0.05853433534502983,0.037426020950078964,0.09336125796328414,0.5530356306662139,0.3536031113610539,64,0,2,False,0.0172561649233102,0.4391537308692932,0.3872687220573425,0.0204534814065649,0.5205225326066041,0.459023985986831
cW1FSBF59ik$_$13,65,2,2,0.012734068557620049,0.019387928768992424,0.0284395944327116,0.21026641122670364,0.32013571977634353,0.4695978689804407,65,2,2,True,0.7423921227455139,0.4026545584201813,0.4976430833339691,0.451936901775019,0.2451190523749462,0.3029440458500347
cW1FSBF59ik$_$12,66,2,0,0.015278051607310772,0.06049447879195213,0.01824497990310192,0.16250219302780217,0.6434384254247485,0.19405938153681299,66,2,0,False,0.1208419054746627,0.4417344331741333,0.5738508105278015,0.1063349336226428,0.3887045759987286,0.5049604903786284
cW1FSBF59ik$_$15,67,0,0,0.013277946040034294,0.10308945178985596,0.015727069228887558,0.10051856323418538,0.7804221787972696,0.11905925796097466,67,0,0,True,0.987798035144806,0.5273237824440002,0.4260262548923492,0.508873098939955,0.2716556196405874,0.2194712814194575
cW1FSBF59ik$_$14,68,0,0,0.013193453662097454,0.035206835716962814,0.031014127656817436,0.16613423801840418,0.4433305315408133,0.39053523042819027,68,0,0,True,0.8546891212463379,0.4556444883346557,0.4137004315853119,0.4957495622697463,0.2642897283086204,0.2399607094216332
cW1FSBF59ik$_$17,69,2,2,0.014318250119686127,0.03289050608873367,0.023754892870783806,0.2017687971978941,0.4634838613155391,0.33474734147247504,69,2,2,True,0.904892921447754,0.5949647426605225,0.5654994249343872,0.4381290413403479,0.2880687053183143,0.2738022533413377
cW1FSBF59ik$_$16,70,2,2,0.010990262031555176,0.028205448761582375,0.032538920640945435,0.15320720008857827,0.393191519874291,0.4536012800231904,70,2,2,True,0.4966157674789428,0.4509908258914947,0.5640625357627869,0.3285214719994297,0.2983396413936747,0.3731388866068956
cW1FSBF59ik$_$19,71,2,0,0.01260310411453247,0.037727005779743195,0.014485473744571209,0.19444558556415467,0.5820668990558876,0.22348751536452924,71,2,0,False,0.1739849895238876,0.5425519347190857,0.5424709320068359,0.138192139675867,0.4309360994260816,0.4308717608980513
cW1FSBF59ik$_$18,72,2,2,0.01123718824237585,0.09739039838314056,0.03601834923028946,0.07768754908883338,0.6733020033107149,0.24901044759353827,72,2,2,True,0.3875517547130584,0.499248743057251,0.5187397003173828,0.275731533854629,0.3552006152058147,0.3690678509395563
cXypl4FnoZo$_$24,73,2,0,0.015836462378501892,0.09434721618890762,0.030120333656668663,0.11287248402488133,0.6724484545570525,0.21467906141093876,73,2,0,False,0.1444729715585708,0.2881782948970794,0.4910831749439239,0.1564009796361777,0.3119709323173584,0.5316280880464638
cXypl4FnoZo$_$25,74,0,0,0.011592070572078228,0.04696684703230858,0.00918553490191698,0.17111468383080433,0.6932943627708099,0.13559095338362434,74,0,0,True,0.8210834264755249,0.5476499795913696,0.4053779244422912,0.4628139239941986,0.3086897480296173,0.2284963279761841
cXypl4FnoZo$_$26,75,2,2,0.01284484937787056,0.03221980482339859,0.016538728028535843,0.20850883365049147,0.523020062481033,0.2684711038522426,75,2,2,True,0.4988443255424499,0.5623593926429749,0.6177475452423096,0.2971166206004176,0.3349468235872828,0.3679365558122996
cXypl4FnoZo$_$27,76,2,0,0.009007848799228668,0.04555744677782059,0.007108261343091726,0.14605690427011647,0.7386868708751906,0.1152562248384785,76,2,0,False,0.2286627292633056,0.4256898164749145,0.5634609460830688,0.1877649827325622,0.3495525540928917,0.462682463174546
cXypl4FnoZo$_$20,77,0,2,0.007178221829235554,0.01494115311652422,0.012084024026989937,0.20986866933150905,0.436832407445564,0.3532989231936901,77,0,2,False,0.4701519608497619,0.4500431418418884,0.3914043605327606,0.3584569634497633,0.3431254391760049,0.2984175973742316
cXypl4FnoZo$_$21,78,0,0,0.010667439550161362,0.048901770263910294,0.01675199531018734,0.1397703237606622,0.6407363482226506,0.21949332800358465,78,0,0,True,0.8028208613395691,0.5132970809936523,0.4284576773643493,0.4601811765996944,0.2942246098123476,0.245594213587958
cXypl4FnoZo$_$22,79,2,0,0.011428560130298138,0.08926098793745041,0.02288663014769554,0.09248190302730495,0.7223154917536735,0.18520260521092935,79,2,0,False,0.1596027761697769,0.2979896068572998,0.5036813020706177,0.1660326072002652,0.3099945535563215,0.5239728392434132
cXypl4FnoZo$_$23,80,2,0,0.01267210766673088,0.04184750095009804,0.014718817546963692,0.18302131299995641,0.6043970562025466,0.21258163078305403,80,2,0,False,0.4364131689071655,0.589214563369751,0.6000621914863586,0.2684479755505416,0.3624396969907955,0.3691123274586628
cXypl4FnoZo$_$28,81,0,2,0.010888958349823952,0.01419699378311634,0.015551517717540264,0.26795364941814237,0.34935722708629946,0.38268912347095035,81,0,2,False,0.418375551700592,0.4133113324642181,0.3567845821380615,0.3520282678742685,0.3477671481251105,0.3002045840006209
cXypl4FnoZo$_$29,82,0,0,0.014070375822484493,0.04549958184361458,0.010707077570259571,0.20021299667753778,0.6474317206174259,0.15235528269080684,82,0,0,True,0.7984552383422852,0.3871143758296966,0.3075684607028961,0.5347497674715677,0.2592622761040609,0.2059879564243713
cXypl4FnoZo$_$1,83,2,2,0.009017786011099815,0.01549642812460661,0.016237903386354446,0.2212838634948679,0.38026068500213434,0.3984554514784592,83,2,2,True,0.5873467922210693,0.4432680606842041,0.544551432132721,0.3728792304660723,0.2814103278458071,0.3457104416881205
cXypl4FnoZo$_$3,84,2,2,0.012914592400193214,0.03580530732870102,0.017620069906115532,0.19467287174010234,0.5397245058319361,0.2656026224128876,84,2,2,True,0.9741878509521484,0.5847873091697693,0.6172844767570496,0.4476432106002102,0.2687121055134894,0.2836446838863004
cXypl4FnoZo$_$2,85,2,2,0.009204227477312088,0.03210556134581566,0.013925820589065552,0.16663575499745664,0.5812475264941512,0.25211671849028794,85,2,2,True,0.8627681136131287,0.4170139729976654,0.532869279384613,0.4759702443604451,0.2300574621356736,0.2939722935038812
cXypl4FnoZo$_$5,86,2,2,0.010394463315606117,0.02865196205675602,0.01771668903529644,0.1831200318004496,0.5047637423570522,0.3121162258248811,86,2,2,True,0.7576026916503906,0.4141519069671631,0.5456039905548096,0.441144148011335,0.2411563371670403,0.3176995148216246
cXypl4FnoZo$_$4,87,0,0,0.010105717927217484,0.09804772585630417,0.011422845534980297,0.08451272392485355,0.8199595957884717,0.09552768027831184,87,0,0,True,0.8404984474182129,0.526116669178009,0.4506838619709015,0.4624987177844101,0.2895047404873542,0.2479965417282355
cXypl4FnoZo$_$7,88,0,2,0.01109362207353115,0.015021908096969128,0.017038507387042046,0.25707031603894903,0.3480997131865254,0.3948299707513528,88,0,2,False,0.621486246585846,0.414886474609375,0.3186547458171844,0.4586521393223951,0.3061830735609558,0.235164787116649
cXypl4FnoZo$_$6,89,0,2,0.009797748178243637,0.03484455123543739,0.023962847888469696,0.14281360165221407,0.5078999551078456,0.34928644322536406,89,0,2,False,0.5891331434249878,0.4976488649845123,0.3915710151195526,0.3985064014132684,0.3366238354872431,0.2648697630994884
cXypl4FnoZo$_$9,90,2,2,0.010866304859519005,0.04084109887480736,0.018520304933190346,0.15472959413796739,0.58155249045049,0.26371791539730316,90,2,2,True,0.5542896389961243,0.4309737086296081,0.5147411227226257,0.3695253247261303,0.2873149494877969,0.3431597257860727
cXypl4FnoZo$_$8,91,2,0,0.010053376667201519,0.05554058030247688,0.009001540951430798,0.13477189572082499,0.7445567339797236,0.12067137028604577,91,2,0,False,0.1939360201358795,0.3776698112487793,0.4931399226188659,0.1821430321808425,0.354704219132795,0.4631527486863624
cXypl4FnoZo$_$11,92,2,2,0.007181973662227392,0.06623615324497223,0.03107815980911255,0.068729462910547,0.633861310537829,0.2974092265420542,92,2,2,True,0.5182809233665466,0.4010213613510132,0.4412532448768616,0.3809333114989029,0.2947482499817973,0.3243184385192997
cXypl4FnoZo$_$10,93,2,2,0.011820914223790169,0.03014758788049221,0.012811273336410522,0.2157897532159883,0.5503415747401343,0.23386867202562242,93,2,2,True,0.9409277439117432,0.4442055523395538,0.5267980098724365,0.4921347021715903,0.2323334268949966,0.2755318709334131
cXypl4FnoZo$_$13,94,0,0,0.011613245122134686,0.13159869611263275,0.025058388710021973,0.06901540589999468,0.7820671425261309,0.14891745156793165,94,0,0,True,0.93861722946167,0.664068877696991,0.5133490562438965,0.4435735500502673,0.3138269576906164,0.2425994922591162
cXypl4FnoZo$_$12,95,2,2,0.007879946380853653,0.021074825897812843,0.015974221751093864,0.1753866640205364,0.4690696142313824,0.3555437217258239,95,2,2,True,0.8516652584075928,0.403236985206604,0.51805180311203,0.4803651058978089,0.2274379225740138,0.2921969715281773
cXypl4FnoZo$_$15,96,1,0,0.01356272678822279,0.08007770776748657,0.01772448979318142,0.12178634222038234,0.7190568146564282,0.15915684311420988,96,1,0,False,0.0078765312209725,0.0719980746507644,0.0413547120988369,0.0649721647603793,0.5938998573615717,0.341127977878049
cXypl4FnoZo$_$14,97,0,0,0.010597139596939087,0.12580594420433044,0.012606612406671047,0.07111711429892345,0.8442802542723531,0.08460263142201246,97,0,0,True,0.8126832842826843,0.5679498910903931,0.4465002417564392,0.4447859563312213,0.3108420467634268,0.2443719969053518
cXypl4FnoZo$_$17,98,0,0,0.012984084896743298,0.04126284271478653,0.007785075809806585,0.20931268023608607,0.6651863624950836,0.12550095725270974,98,0,0,True,0.4782016277313232,0.4505139589309692,0.3377144932746887,0.3775981282402255,0.3557353588390661,0.2666665129207083
cXypl4FnoZo$_$16,99,0,0,0.009556856006383896,0.04067295789718628,0.0149722620844841,0.1465728791823782,0.6237985107102142,0.22962861009207056,99,0,0,True,0.7671098113059998,0.5996401309967041,0.4795560240745544,0.415483579252679,0.3247783097258208,0.2597381110215001
